www.barcelona.com,www.sports.com,
www.cs.com,www.aucmajors.com,www.AI.com,www.csecourses.com,www.datastructures.com,www.analysis.com,www.digitaldesign.com,www.dynamicprogramming.com,
www.aucmajors.com,www.cs.com,www.csecourses.com,www.engineering.com,www.business.com,
www.AI.com,www.cs.com,
www.calculus.com,www.physics.com,
www.physics.com,www.calculus.com,
www.sports.com,www.basketball.com,www.barcelona.com,
www.basketball.com,www.sports.com,
www.csecourses.com,www.cs.com,
www.core.com,www.rhet.com,
www.rhet.com,www.core.com,
www.engineering.com,www.universites.com,
www.universites.com,
www.singers.com,www.movies.com,www.egypublicfigures.com,
www.movies.com,www.singers.com,
www.egypublicfigures.com,www.singers.com,www.movies.com,
www.datastructures.com,www.cs.com,
www.analysis.com,www.cs.com,
www.digitaldesign.com,www.cs.com,
www.electronics.com,www.aucmajors.com,
www.pointers.com,www.cs.com,
www.dynamicprogramming.com,www.cs.com,
www.companies.com,www.businesses.com,www.startups.com,
www.businesses.com,www.companies.com,www.startups.com,
www.startups.com,www.businesses.com,
www.business.com,www.companies.com,